category,questions,pairs,accuracy_percent,accuracy_plus_percent,score
OCR,40,20,75.0,50.0,125.0
artwork,400,200,76.75,59.0,135.75
celebrity,340,170,77.05882352941177,55.294117647058826,132.3529411764706
code_reasoning,40,20,67.5,40.0,107.5
color,60,30,85.0,70.0,155.0
commonsense_reasoning,140,70,73.57142857142857,50.0,123.57142857142857
count,60,30,88.33333333333333,76.66666666666667,165.0
existence,60,30,96.66666666666667,93.33333333333333,190.0
landmark,400,200,88.5,77.5,166.0
numerical_calculation,40,20,72.5,45.0,117.5
position,60,30,75.0,53.333333333333336,128.33333333333334
posters,294,147,84.01360544217687,72.10884353741497,156.12244897959184
scene,400,200,86.0,72.0,158.0
text_translation,40,20,95.0,90.0,185.0
